{
  "fs": 44100.0,
  "crossover_hz": 1000.0,
  "transition_hz": 1840.0,
  "target_slope_db_per_oct": 12.0,
  "achieved_slope_db_per_oct": -25.395515375116183,
  "stopband_db": 65.43980450212361,
  "passband_ripple_db": 0.06117818881013538,
  "taps": 61,
  "delay_samples": 30.0,
  "h0": [
    0.00046697129830340265,
    0.0005209998672966973,
    0.0007970406248910242,
    0.0011558837805332955,
    0.0016094920373325575,
    0.002169431951335505,
    0.002846307540752851,
    0.0036492176778247106,
    0.0045856108034124,
    0.005660152416303737,
    0.006874829702811368,
    0.008228505837097116,
    0.009716835065375679,
    0.011331436119526877,
    0.013060017491277621,
    0.014886445681254048,
    0.01679146615434425,
    0.01875231877235455,
    0.020742446271419215,
    0.02273368862309455,
    0.02469633341435753,
    0.02659795029206748,
    0.028407130343271664,
    0.03009262921004578,
    0.03162333729158044,
    0.032972178383472786,
    0.034112944719940544,
    0.03502431032040165,
    0.035688221145535375,
    0.03609210774165539,
    0.03622751884225995,
    0.03609210774165539,
    0.035688221145535375,
    0.03502431032040165,
    0.034112944719940544,
    0.032972178383472786,
    0.03162333729158044,
    0.03009262921004578,
    0.028407130343271664,
    0.02659795029206748,
    0.02469633341435753,
    0.02273368862309455,
    0.020742446271419215,
    0.01875231877235455,
    0.01679146615434425,
    0.014886445681254048,
    0.013060017491277621,
    0.011331436119526877,
    0.009716835065375679,
    0.008228505837097116,
    0.006874829702811368,
    0.005660152416303737,
    0.0045856108034124,
    0.0036492176778247106,
    0.002846307540752851,
    0.002169431951335505,
    0.0016094920373325575,
    0.0011558837805332955,
    0.0007970406248910242,
    0.0005209998672966973,
    0.00046697129830340265
  ],
  "h1": [
    -0.00046697129830340265,
    -0.0005209998672966973,
    -0.0007970406248910242,
    -0.0011558837805332955,
    -0.0016094920373325575,
    -0.002169431951335505,
    -0.002846307540752851,
    -0.0036492176778247106,
    -0.0045856108034124,
    -0.005660152416303737,
    -0.006874829702811368,
    -0.008228505837097116,
    -0.009716835065375679,
    -0.011331436119526877,
    -0.013060017491277621,
    -0.014886445681254048,
    -0.01679146615434425,
    -0.01875231877235455,
    -0.020742446271419215,
    -0.02273368862309455,
    -0.02469633341435753,
    -0.02659795029206748,
    -0.028407130343271664,
    -0.03009262921004578,
    -0.03162333729158044,
    -0.032972178383472786,
    -0.034112944719940544,
    -0.03502431032040165,
    -0.035688221145535375,
    -0.03609210774165539,
    0.9637724811577401,
    -0.03609210774165539,
    -0.035688221145535375,
    -0.03502431032040165,
    -0.034112944719940544,
    -0.032972178383472786,
    -0.03162333729158044,
    -0.03009262921004578,
    -0.028407130343271664,
    -0.02659795029206748,
    -0.02469633341435753,
    -0.02273368862309455,
    -0.020742446271419215,
    -0.01875231877235455,
    -0.01679146615434425,
    -0.014886445681254048,
    -0.013060017491277621,
    -0.011331436119526877,
    -0.009716835065375679,
    -0.008228505837097116,
    -0.006874829702811368,
    -0.005660152416303737,
    -0.0045856108034124,
    -0.0036492176778247106,
    -0.002846307540752851,
    -0.002169431951335505,
    -0.0016094920373325575,
    -0.0011558837805332955,
    -0.0007970406248910242,
    -0.0005209998672966973,
    -0.00046697129830340265
  ],
  "weight": 100000000.0,
  "notes": "Designed as a linear-phase analysis prototype. For exact alias-canceling QMF reconstruction, use the standard fs/4 geometry."
}