{
  "fs": 44100.0,
  "crossover_hz": 1000.0,
  "transition_hz": 926.2481030954314,
  "target_slope_db_per_oct": 24.0,
  "achieved_slope_db_per_oct": -46.82851478694351,
  "stopband_db": 60.04713351761163,
  "passband_ripple_db": 0.03737539768753764,
  "taps": 155,
  "delay_samples": 77.0,
  "h0": [
    -0.0005715963202147671,
    -0.0001806880250085585,
    -0.0001994379066838529,
    -0.00021191923779286488,
    -0.0002161724547659159,
    -0.0002105621512349528,
    -0.00019318210569398218,
    -0.00016264931836343176,
    -0.00011740943223753553,
    -5.6687957893616574e-05,
    2.0316636797820587e-05,
    0.00011350276086980481,
    0.00022257448218521018,
    0.00034632215467540815,
    0.00048318961663089215,
    0.0006306580323094394,
    0.0007858981458412349,
    0.0009449169007897528,
    0.0011034173857925773,
    0.0012560502966773427,
    0.0013974134597400506,
    0.0015213694165586611,
    0.0016221097850051545,
    0.0016931655525193577,
    0.0017285431783637467,
    0.001721489339461248,
    0.0016667838571161934,
    0.0015594173788915382,
    0.0013968158846246223,
    0.001173507379844874,
    0.0008896659098442832,
    0.0005450760245412171,
    0.00014030248984294737,
    -0.0003203761591954944,
    -0.0008326028824465378,
    -0.0013887261881700224,
    -0.0019801838425433037,
    -0.0025956222936827735,
    -0.0032225747519350387,
    -0.003846372295441524,
    -0.004451203277520963,
    -0.005019770864131902,
    -0.0055338664717092725,
    -0.005974406059766497,
    -0.006322278698735409,
    -0.006558195304691635,
    -0.006663590260913458,
    -0.006620626573240289,
    -0.0064129388006563676,
    -0.006025715738971166,
    -0.005446568659244506,
    -0.004665604789588113,
    -0.003676012726637064,
    -0.0024738507089063526,
    -0.0010589172887891455,
    0.0005653290671606586,
    0.0023913643628492988,
    0.004408545538865562,
    0.006601805999629461,
    0.008952321675538931,
    0.011438508829101761,
    0.014034545790136178,
    0.01671256494639576,
    0.01944169123039451,
    0.022189428275096894,
    0.024921586939950426,
    0.027603159419440835,
    0.030198925678059835,
    0.03267373490674281,
    0.034993870699489976,
    0.037126779564209435,
    0.039042258412829794,
    0.04071293294317885,
    0.04211455901721101,
    0.04322665825805963,
    0.044032958387376295,
    0.04452161304872955,
    0.04468532097487082,
    0.04452161304872955,
    0.044032958387376295,
    0.04322665825805963,
    0.04211455901721101,
    0.04071293294317885,
    0.039042258412829794,
    0.037126779564209435,
    0.034993870699489976,
    0.03267373490674281,
    0.030198925678059835,
    0.027603159419440835,
    0.024921586939950426,
    0.022189428275096894,
    0.01944169123039451,
    0.01671256494639576,
    0.014034545790136178,
    0.011438508829101761,
    0.008952321675538931,
    0.006601805999629461,
    0.004408545538865562,
    0.0023913643628492988,
    0.0005653290671606586,
    -0.0010589172887891455,
    -0.0024738507089063526,
    -0.003676012726637064,
    -0.004665604789588113,
    -0.005446568659244506,
    -0.006025715738971166,
    -0.0064129388006563676,
    -0.006620626573240289,
    -0.006663590260913458,
    -0.006558195304691635,
    -0.006322278698735409,
    -0.005974406059766497,
    -0.0055338664717092725,
    -0.005019770864131902,
    -0.004451203277520963,
    -0.003846372295441524,
    -0.0032225747519350387,
    -0.0025956222936827735,
    -0.0019801838425433037,
    -0.0013887261881700224,
    -0.0008326028824465378,
    -0.0003203761591954944,
    0.00014030248984294737,
    0.0005450760245412171,
    0.0008896659098442832,
    0.001173507379844874,
    0.0013968158846246223,
    0.0015594173788915382,
    0.0016667838571161934,
    0.001721489339461248,
    0.0017285431783637467,
    0.0016931655525193577,
    0.0016221097850051545,
    0.0015213694165586611,
    0.0013974134597400506,
    0.0012560502966773427,
    0.0011034173857925773,
    0.0009449169007897528,
    0.0007858981458412349,
    0.0006306580323094394,
    0.00048318961663089215,
    0.00034632215467540815,
    0.00022257448218521018,
    0.00011350276086980481,
    2.0316636797820587e-05,
    -5.6687957893616574e-05,
    -0.00011740943223753553,
    -0.00016264931836343176,
    -0.00019318210569398218,
    -0.0002105621512349528,
    -0.0002161724547659159,
    -0.00021191923779286488,
    -0.0001994379066838529,
    -0.0001806880250085585,
    -0.0005715963202147671
  ],