{
  "fs": 44100.0,
  "crossover_hz": 10000.0,
  "transition_hz": 4377.352264985261,
  "target_slope_db_per_oct": 24.0,
  "achieved_slope_db_per_oct": -70.99295155113388,
  "stopband_db": 60.119650530757255,
  "passband_ripple_db": 0.035064410847530855,
  "taps": 33,
  "delay_samples": 16.0,
  "h0": [
    -0.00034463125892869015,
    0.0017605311946985488,
    0.002495362060241934,
    -0.0023195495830724017,
    -0.0064026285642936566,
    0.001728238262119803,
    0.012945076222339353,
    0.002471606211430223,
    -0.021751851908318798,
    -0.013366469268809253,
    0.0316949758145735,
    0.036317358162072516,
    -0.040974185573089614,
    -0.08752180088274888,
    0.04759237667037896,
    0.3111745632934069,
    0.44900205829599915,
    0.3111745632934069,
    0.04759237667037896,
    -0.08752180088274888,
    -0.040974185573089614,
    0.036317358162072516,
    0.0316949758145735,
    -0.013366469268809253,
    -0.021751851908318798,
    0.002471606211430223,
    0.012945076222339353,
    0.001728238262119803,
    -0.0064026285642936566,
    -0.0023195495830724017,
    0.002495362060241934,
    0.0017605311946985488,
    -0.00034463125892869015
  ],
  "h1": [
    -0.00034463125892869015,
    -0.0017605311946985488,
    0.002495362060241934,
    0.0023195495830724017,
    -0.0064026285642936566,
    -0.001728238262119803,
    0.012945076222339353,
    -0.002471606211430223,
    -0.021751851908318798,
    0.013366469268809253,
    0.0316949758145735,
    -0.036317358162072516,
    -0.040974185573089614,
    0.08752180088274888,
    0.04759237667037896,
    -0.3111745632934069,
    0.44900205829599915,
    -0.3111745632934069,
    0.04759237667037896,
    0.08752180088274888,
    -0.040974185573089614,
    -0.036317358162072516,
    0.0316949758145735,
    0.013366469268809253,
    -0.021751851908318798,
    -0.002471606211430223,
    0.012945076222339353,
    -0.001728238262119803,
    -0.0064026285642936566,
    0.0023195495830724017,
    0.002495362060241934,
    -0.0017605311946985488,
    -0.00034463125892869015
  ],
  "weight": 2.0535250264571463,
  "notes": "Designed as a linear-phase analysis prototype. For exact alias-canceling QMF reconstruction, use the standard fs/4 geometry."
}