{
  "fs": 44100.0,
  "crossover_hz": 10000.0,
  "transition_hz": 7064.481184256151,
  "target_slope_db_per_oct": 48.0,
  "achieved_slope_db_per_oct": -55.96675029695856,
  "stopband_db": 60.301050430626574,
  "passband_ripple_db": 0.300793845837108,
  "taps": 17,
  "delay_samples": 8.0,
  "h0": [
    -0.0013797095728907173,
    0.005176312905671053,
    0.020056850066473654,
    0.010699439660490157,
    -0.04238760765887459,
    -0.062283220449223964,
    0.06460857750975127,
    0.29664671535991194,
    0.41772528435738254,
    0.29664671535991194,
    0.06460857750975127,
    -0.062283220449223964,
    -0.04238760765887459,
    0.010699439660490157,
    0.020056850066473654,
    0.005176312905671053,
    -0.0013797095728907173
  ],
  "h1": [
    -0.0013797095728907173,
    -0.005176312905671053,
    0.020056850066473654,
    -0.010699439660490157,
    -0.04238760765887459,
    0.062283220449223964,
    0.06460857750975127,
    -0.29664671535991194,
    0.41772528435738254,
    -0.29664671535991194,
    0.06460857750975127,
    0.062283220449223964,
    -0.04238760765887459,
    -0.010699439660490157,
    0.020056850066473654,
    -0.005176312905671053,
    -0.0013797095728907173
  ],
  "weight": 17.78279410038923,
  "notes": "Designed as a linear-phase analysis prototype. For exact alias-canceling QMF reconstruction, use the standard fs/4 geometry."
}