{
  "fs": 44100.0,
  "crossover_hz": 1000.0,
  "transition_hz": 1840.0,
  "target_slope_db_per_oct": 48.0,
  "achieved_slope_db_per_oct": -47.8097745400552,
  "stopband_db": 129.4011902188876,
  "passband_ripple_db": 0.11616950303315238,
  "taps": 115,
  "delay_samples": 57.0,
  "h0": [
    4.654389767607216e-07,
    9.878809727556757e-07,
    2.008654682683993e-06,
    3.695225534595633e-06,
    6.344752576624903e-06,
    1.0345616628326086e-05,
    1.6194073727283936e-05,
    2.451342355565061e-05,
    3.6072123928808726e-05,
    5.18028107378071e-05,
    7.282085657769598e-05,
    0.00010044142566056735,
    0.000136192811349328,
    0.00018183049997586324,
    0.00023934255837063372,
    0.0003109542519703787,
    0.00039912421758847176,
    0.0005065347284260998,
    0.0006360755500763605,
    0.0007908179751224323,
    0.000973982071433924,
    0.001188893887048082,
    0.0014389347438606014,
    0.001727481539921571,
    0.002057839803439365,
    0.002433168632160755,
    0.0028564008845552453,
    0.003330157780695884,
    0.003856661514169493,
    0.004437646954906927,
    0.005074274279882059,
    0.005767046041579723,
    0.006515729634995627,
    0.0073192889724662796,
    0.008175826975052638,
    0.00908254145461286,
    0.010035696351364691,
    0.011030610380604048,
    0.012061664127282592,
    0.013122327355117655,
    0.014205206498898351,
    0.015302112667413499,
    0.01640414995900548,
    0.017501822430298436,
    0.018585159073890717,
    0.019643854008465546,
    0.020667419671445093,
    0.021645350049378887,
    0.02256729033375343,
    0.02342320965116169,
    0.0242035729950374,
    0.024899508268200355,
    0.02550296484018836,
    0.026006859699073487,
    0.02640520761651496,
    0.02669323258628071,
    0.026867457208899582,
    0.026925768361009735,
    0.026867457208899582,
    0.02669323258628071,
    0.02640520761651496,
    0.026006859699073487,
    0.02550296484018836,
    0.024899508268200355,
    0.0242035729950374,
    0.02342320965116169,
    0.02256729033375343,
    0.021645350049378887,
    0.020667419671445093,
    0.019643854008465546,
    0.018585159073890717,
    0.017501822430298436,
    0.01640414995900548,
    0.015302112667413499,
    0.014205206498898351,
    0.013122327355117655,
    0.012061664127282592,
    0.011030610380604048,
    0.010035696351364691,
    0.00908254145461286,
    0.008175826975052638,
    0.0073192889724662796,
    0.006515729634995627,
    0.005767046041579723,
    0.005074274279882059,
    0.004437646954906927,
    0.003856661514169493,
    0.003330157780695884,
    0.0028564008845552453,
    0.002433168632160755,
    0.002057839803439365,
    0.001727481539921571,
    0.0014389347438606014,
    0.001188893887048082,
    0.000973982071433924,
    0.0007908179751224323,
    0.0006360755500763605,
    0.0005065347284260998,
    0.00039912421758847176,
    0.0003109542519703787,
    0.00023934255837063372,
    0.00018183049997586324,
    0.000136192811349328,
    0.00010044142566056735,
    7.282085657769598e-05,
    5.18028107378071e-05,
    3.6072123928808726e-05,
    2.451342355565061e-05,
    1.6194073727283936e-05,
    1.0345616628326086e-05,
    6.344752576624903e-06,
    3.695225534595633e-06,
    2.008654682683993e-06,
    9.878809727556757e-07,
    4.654389767607216e-07
  ],
  "h1": [
    4.654389767607216e-07,
    -9.878809727556757e-07,
    2.008654682683993e-06,
    -3.695225534595633e-06,
    6.344752576624903e-06,
    -1.0345616628326086e-05,
    1.6194073727283936e-05,
    -2.451342355565061e-05,
    3.6072123928808726e-05,
    -5.18028107378071e-05,
    7.282085657769598e-05,
    -0.00010044142566056735,
    0.000136192811349328,
    -0.00018183049997586324,
    0.00023934255837063372,
    -0.0003109542519703787,
    0.00039912421758847176,
    -0.0005065347284260998,
    0.0006360755500763605,
    -0.0007908179751224323,
    0.000973982071433924,
    -0.001188893887048082,
    0.0014389347438606014,
    -0.001727481539921571,
    0.002057839803439365,
    -0.002433168632160755,
    0.0028564008845552453,
    -0.003330157780695884,
    0.003856661514169493,
    -0.004437646954906927,
    0.005074274279882059,
    -0.005767046041579723,
    0.006515729634995627,
    -0.0073192889724662796,
    0.008175826975052638,
    -0.00908254145461286,
    0.010035696351364691,
    -0.011030610380604048,
    0.012061664127282592,
    -0.013122327355117655,
    0.014205206498898351,
    -0.015302112667413499,
    0.01640414995900548,
    -0.017501822430298436,
    0.018585159073890717,
    -0.019643854008465546,
    0.020667419671445093,
    -0.021645350049378887,
    0.02256729033375343,
    -0.02342320965116169,
    0.0242035729950374,
    -0.024899508268200355,
    0.02550296484018836,
    -0.026006859699073487,
    0.02640520761651496,
    -0.02669323258628071,
    0.026867457208899582,
    -0.026925768361009735,
    0.026867457208899582,
    -0.02669323258628071,
    0.02640520761651496,
    -0.026006859699073487,
    0.02550296484018836,
    -0.024899508268200355,
    0.0242035729950374,
    -0.02342320965116169,
    0.02256729033375343,
    -0.021645350049378887,
    0.020667419671445093,
    -0.019643854008465546,
    0.018585159073890717,
    -0.017501822430298436,
    0.01640414995900548,
    -0.015302112667413499,
    0.014205206498898351,
    -0.013122327355117655,
    0.012061664127282592,
    -0.011030610380604048,
    0.010035696351364691,
    -0.00908254145461286,
    0.008175826975052638,
    -0.0073192889724662796,
    0.006515729634995627,
    -0.005767046041579723,
    0.005074274279882059,
    -0.004437646954906927,
    0.003856661514169493,
    -0.003330157780695884,
    0.0028564008845552453,
    -0.002433168632160755,
    0.002057839803439365,
    -0.001727481539921571,
    0.0014389347438606014,
    -0.001188893887048082,
    0.000973982071433924,
    -0.0007908179751224323,
    0.0006360755500763605,
    -0.0005065347284260998,
    0.00039912421758847176,
    -0.0003109542519703787,
    0.00023934255837063372,
    -0.00018183049997586324,
    0.000136192811349328,
    -0.00010044142566056735,
    7.282085657769598e-05,
    -5.18028107378071e-05,
    3.6072123928808726e-05,
    -2.451342355565061e-05,
    1.6194073727283936e-05,
    -1.0345616628326086e-05,
    6.344752576624903e-06,
    -3.695225534595633e-06,
    2.008654682683993e-06,
    -9.878809727556757e-07,
    4.654389767607216e-07
  ],
  "weight": 3511191.7342151348,
  "notes": "Designed as a linear-phase analysis prototype. For exact alias-canceling QMF reconstruction, use the standard fs/4 geometry."
}